Series Number,FileName,UUID
241,bobo-alinco,17e90692-26ec-4ac5-8613-d87d00278d37
242,chi-lastborn,187b9001-81a7-421b-aeea-ba64f930f6c3
243,uju-robo-robo,8b98de66-9a2b-4229-b0d9-297b2906f548
244,yetunde-anifowose,5646daa8-2619-46a5-ac93-9a49f862729a
245,dumebi-jjc,ed0148f9-491b-44e5-9b3b-07d3e8a48efe
246,ukwu-nengi,32a9fc99-8b86-407d-9d66-2c9aaa8200e8
247,nonso-malay,573f741e-7dfd-4145-a532-2cbf0194c5bd
248,saro-texaco,ba8a51d0-24d6-43fe-bf56-12eb50f6fc4a
249,akpos-agbero,70875603-9e90-467f-9d44-af15f71b70e9
250,kasali-danfo,afaa2a41-1bc0-47bf-acef-d9638d6c5369
251,osaz-benz,a11e8485-d8dd-4970-b0d3-cde7ab9f53e3
252,kareem-kasanova,9b765dd9-5d2f-4050-9583-4200e4b2d5d4
253,mayor-of-uyo,6ae4ca87-8d71-48e5-8098-fc5241a0ba36
254,chinedu-china,76a09cf1-b5fd-4bc0-bf61-0c0b9024b264
255,papa-ekene,8b8d34d0-3d41-4170-aa3f-755beae83b00
256,ogbeni-rauf,048f1180-33be-4a58-881e-22e7f0f96455
257,koffi-banku,9699105f-607a-4c0b-81c0-373c6d35f4fe
258,alhaji-bello,1f0839dd-b4c9-4adb-9328-a2b4ceff999b
259,toju-mafejopami,3c733806-3fd3-4c49-afd1-97f6a0802485
260,femi-maserati,dc5bb7ae-6280-4038-a0cc-6f7ba98bc5cf